age_group,count,percentage
18-25,27,43.54838709677419
25-35,18,29.03225806451613
35-45,12,19.35483870967742
50-60,3,4.838709677419355
60+,2,3.225806451612903
