gender,count,percentage
Woman,18,29.03225806451613
Man,42,67.74193548387096
Other,2,3.225806451612903
