explanation_type,mean_rating,sd,n,sem,ci95_low,ci95_high,explanation_type_name
A,6.3028747433264884,1.1197677279138465,1948,0.025370759621597214,6.2531480544681575,6.352601432184819,Rule-based decision path
B,4.555731642894876,1.2716144604321813,1893,0.029226724847550678,4.498447262193676,4.613016023596075,Local feature-attribution / key-factor explanation
C,4.277238403451996,1.282010416221077,1854,0.029773966054898748,4.218881429984394,4.335595376919597,Counterfactual explanation
D,3.3490216816499205,1.679261252621555,1891,0.038616463874305396,3.273333412456282,3.424709950843559,LLM natural-language explanation
E,6.006959314775161,1.041945547675755,1868,0.024107744900710097,5.959708134769769,6.054210494780553,Doctor-written-style explanation
